City_ID,City,Lat,Lng,Max Temp,Humidity,Cloudiness,Wind Speed,Country,Date
0,Asbe Teferi,9.0833,40.8667,61.03,85,66,7.54,ET,2022-07-21 21:07:09
1,Khatanga,71.9667,102.5,50.79,85,100,13.96,RU,2022-07-21 21:07:09
2,Mount Isa,-20.7333,139.5,46.17,46,0,6.91,AU,2022-07-21 21:07:10
3,Qaanaaq,77.484,-69.3632,43.74,80,100,7.96,GL,2022-07-21 21:07:10
4,Huambo,-12.7761,15.7392,60.85,33,71,2.15,AO,2022-07-21 21:07:10
5,Thompson,55.7435,-97.8558,58.33,81,100,6.73,CA,2022-07-21 21:07:11
6,Geraldton,-28.7667,114.6,54.01,87,100,8.05,AU,2022-07-21 21:02:38
7,Puerto Ayora,-0.7393,-90.3518,80.56,87,58,4.0,EC,2022-07-21 21:07:11
8,Busselton,-33.65,115.3333,57.81,78,67,10.85,AU,2022-07-21 21:07:11
9,Coffs Harbour,-30.3,153.1333,60.76,82,75,17.27,AU,2022-07-21 21:07:03
10,Cabedelo,-6.9811,-34.8339,75.87,84,99,10.45,BR,2022-07-21 21:07:12
11,Rikitea,-23.1203,-134.9692,74.62,79,91,21.59,PF,2022-07-21 21:07:12
12,Pacific Grove,36.6177,-121.9166,79.25,81,40,9.22,US,2022-07-21 21:07:12
13,Albany,42.6001,-73.9662,93.85,43,30,1.99,US,2022-07-21 21:03:26
14,Katsuura,35.1333,140.3,78.55,90,51,14.52,JP,2022-07-21 21:07:13
15,Saint-Philippe,-21.3585,55.7679,64.22,84,49,14.83,RE,2022-07-21 21:02:56
16,Nakhon Phanom,17.3333,104.4167,73.54,95,100,6.42,TH,2022-07-21 21:07:13
17,Catamarca,-28.4696,-65.7852,70.59,38,37,3.89,AR,2022-07-21 21:07:14
18,Mataura,-46.1927,168.8643,37.47,95,100,0.38,NZ,2022-07-21 21:07:14
19,Odesskoye,54.2111,72.9651,59.45,82,5,14.14,RU,2022-07-21 21:07:14
20,Berlevag,70.8578,29.0864,62.4,94,75,0.0,NO,2022-07-21 21:07:15
21,Port Alfred,-33.5906,26.891,57.9,73,0,6.11,ZA,2022-07-21 21:07:15
22,Calbuco,-41.768,-73.1273,42.01,92,100,10.11,CL,2022-07-21 21:07:15
23,Luderitz,-26.6481,15.1594,65.28,46,0,5.53,NA,2022-07-21 21:07:18
24,Carnarvon,-24.8667,113.6333,61.92,73,52,17.0,AU,2022-07-21 21:07:19
25,Lorengau,-2.0226,147.2712,81.34,77,89,8.55,PG,2022-07-21 21:07:19
26,Punta Arenas,-53.15,-70.9167,33.91,86,20,24.16,CL,2022-07-21 21:07:19
27,Barrow,71.2906,-156.7887,42.82,81,75,28.77,US,2022-07-21 21:07:20
28,Victoria,22.2855,114.1577,86.18,79,0,1.99,HK,2022-07-21 21:07:20
29,Kumo,10.0447,11.2122,75.45,82,78,8.16,NG,2022-07-21 21:07:20
30,Hermanus,-34.4187,19.2345,53.62,76,100,1.81,ZA,2022-07-21 21:07:21
31,Nivala,63.9167,24.9667,64.92,87,89,4.0,FI,2022-07-21 21:07:30
32,Cape Town,-33.9258,18.4232,59.38,79,100,1.99,ZA,2022-07-21 21:04:22
33,Port Keats,-14.25,129.55,63.57,36,7,7.38,AU,2022-07-21 21:07:31
34,Villa Carlos Paz,-31.4241,-64.4978,61.39,29,100,4.0,AR,2022-07-21 21:02:49
35,Sosnovo-Ozerskoye,52.5249,111.5418,57.24,78,100,3.89,RU,2022-07-21 21:07:31
36,Nikolskoye,59.7035,30.7861,64.29,83,1,0.85,RU,2022-07-21 21:07:32
37,Korla,41.7597,86.1469,75.94,32,0,2.53,CN,2022-07-21 21:07:32
38,Ancud,-41.8697,-73.8203,41.23,92,100,8.08,CL,2022-07-21 21:07:32
39,Jamestown,42.097,-79.2353,85.05,51,0,13.8,US,2022-07-21 21:03:12
40,Tual,-5.6667,132.75,78.24,72,94,19.51,ID,2022-07-21 21:05:29
41,Ushuaia,-54.8,-68.3,31.66,80,75,23.02,AR,2022-07-21 21:05:54
42,Hilo,19.7297,-155.09,82.27,86,75,1.01,US,2022-07-21 21:07:33
43,Grindavik,63.8424,-22.4338,52.27,93,100,5.75,IS,2022-07-21 21:07:33
44,Torbay,47.6666,-52.7314,75.88,65,84,4.25,CA,2022-07-21 21:07:33
45,Vaini,-21.2,-175.2,73.85,77,47,9.57,TO,2022-07-21 21:07:34
46,Beringovskiy,63.05,179.3167,48.65,63,29,10.98,RU,2022-07-21 21:08:34
47,Lebu,-37.6167,-73.65,52.29,85,99,9.19,CL,2022-07-21 21:08:34
48,Pevek,69.7008,170.3133,32.16,100,100,9.78,RU,2022-07-21 21:08:35
49,Voyvozh,62.892,54.9635,56.26,73,38,2.77,RU,2022-07-21 21:08:35
50,Kapaa,22.0752,-159.319,82.72,70,40,16.11,US,2022-07-21 21:08:07
51,Namibe,-15.1961,12.1522,63.09,88,31,1.95,AO,2022-07-21 21:08:35
52,Mundo Nuevo,18.7,-95.5,85.23,70,80,10.38,MX,2022-07-21 21:08:46
53,Esperance,-33.8667,121.9,52.38,82,70,15.93,AU,2022-07-21 21:08:47
54,Guane,22.2025,-84.0875,86.79,62,93,7.52,CU,2022-07-21 21:08:47
55,Hobart,-42.8794,147.3294,38.05,91,20,6.91,AU,2022-07-21 21:08:47
56,Foix,42.8333,1.5833,72.19,63,29,5.82,FR,2022-07-21 21:08:48
57,Tiksi,71.6872,128.8694,40.96,83,88,9.66,RU,2022-07-21 21:08:48
58,Bathsheba,13.2167,-59.5167,84.81,84,20,21.85,BB,2022-07-21 21:08:48
59,Ponta Delgada,37.7333,-25.6667,76.5,83,75,5.75,PT,2022-07-21 21:05:16
60,San Patricio,28.017,-97.5169,99.18,41,5,20.62,US,2022-07-21 21:08:48
61,Broome,42.2506,-75.833,91.62,49,40,10.36,US,2022-07-21 21:08:49
62,Chicama,-7.8447,-79.1469,61.34,61,92,7.58,PE,2022-07-21 21:08:49
63,Avarua,-21.2078,-159.775,71.65,78,75,13.8,CK,2022-07-21 21:08:49
64,Verkhoyansk,67.5447,133.385,57.18,63,87,2.1,RU,2022-07-21 21:08:50
65,Pout,14.7739,-17.0603,83.16,78,40,8.05,SN,2022-07-21 21:08:50
66,Sur,22.5667,59.5289,86.5,71,77,11.5,OM,2022-07-21 21:08:50
67,Zambezi,-13.5432,23.1047,65.17,41,75,5.57,ZM,2022-07-21 21:08:54
68,Chuy,-33.6971,-53.4616,52.0,92,87,6.02,UY,2022-07-21 21:08:54
69,Cabo San Lucas,22.8909,-109.9124,99.7,38,0,13.8,MX,2022-07-21 21:05:31
70,Hithadhoo,-0.6,73.0833,80.74,73,99,8.01,MV,2022-07-21 21:08:55
71,Lokosovo,61.1333,74.8167,52.39,73,69,7.85,RU,2022-07-21 21:08:55
72,Muros,42.7762,-9.0603,70.68,81,95,14.63,ES,2022-07-21 21:08:55
73,Atuona,-9.8,-139.0333,77.56,72,15,15.64,PF,2022-07-21 21:08:56
74,Clarence Town,-32.5833,151.7833,61.86,91,100,3.18,AU,2022-07-21 21:08:56
75,Leningradskiy,69.3833,178.4167,35.1,99,100,10.25,RU,2022-07-21 21:08:56
76,Mercedes,-34.6515,-59.4307,62.04,51,92,7.65,AR,2022-07-21 21:08:57
77,Namatanai,-3.6667,152.4333,79.72,79,76,5.7,PG,2022-07-21 21:08:57
78,Bluff,-46.6,168.3333,37.8,83,85,9.51,NZ,2022-07-21 21:08:57
79,Ocampo,21.65,-101.5,84.02,16,45,11.45,MX,2022-07-21 21:08:58
80,Lubao,14.9167,120.55,79.23,82,87,1.86,PH,2022-07-21 21:08:58
81,Faanui,-16.4833,-151.75,77.31,73,11,11.52,PF,2022-07-21 21:08:58
82,Mouzouras,35.5333,24.15,75.2,73,0,0.0,GR,2022-07-21 21:08:59
83,Butaritari,3.0707,172.7902,80.82,75,70,5.46,KI,2022-07-21 21:08:59
84,Saskylakh,71.9167,114.0833,48.45,72,100,7.76,RU,2022-07-21 21:08:59
85,Lompoc,34.6391,-120.4579,91.78,70,0,16.11,US,2022-07-21 21:08:59
86,Kaitangata,-46.2817,169.8464,43.45,89,94,2.91,NZ,2022-07-21 21:04:14
87,Mackay,-21.15,149.2,59.68,88,23,8.39,AU,2022-07-21 21:09:02
88,Sundumbili,-29.1337,31.3975,63.82,87,67,6.35,ZA,2022-07-21 21:09:02
89,Misratah,32.3754,15.0925,80.8,60,0,9.15,LY,2022-07-21 21:09:03
90,Yellowknife,62.456,-114.3525,62.64,54,97,7.83,CA,2022-07-21 21:09:03
91,Astaneh-Ye Ashrafiyeh,37.2596,49.9444,76.23,77,28,4.85,IR,2022-07-21 21:09:03
92,Provideniya,64.3833,-173.3,42.91,81,100,20.0,RU,2022-07-21 21:10:04
93,Olean,42.0776,-78.4297,84.88,53,75,8.05,US,2022-07-21 21:05:35
94,Narsaq,60.9167,-46.05,61.02,77,14,7.43,GL,2022-07-21 21:10:04
95,Inhambane,-23.865,35.3833,67.44,83,0,5.57,MZ,2022-07-21 21:10:04
96,Codrington,-38.2667,141.9667,47.46,83,73,11.83,AU,2022-07-21 21:09:07
97,Kodiak,57.79,-152.4072,54.91,88,100,9.22,US,2022-07-21 21:10:05
98,Hami,42.8,93.45,73.4,26,0,2.04,CN,2022-07-21 21:10:05
99,Madera,37.1666,-119.8343,105.51,10,3,4.0,US,2022-07-21 21:10:06
100,Moses Lake,47.1301,-119.2781,98.89,17,0,10.36,US,2022-07-21 21:09:53
101,Padang,-0.9492,100.3543,76.86,87,87,3.67,ID,2022-07-21 21:10:06
102,Bolo,13.7899,120.9817,79.05,89,99,7.54,PH,2022-07-21 21:10:06
103,Moindou,-21.6924,165.677,75.38,81,50,8.59,NC,2022-07-21 21:10:07
104,Chokurdakh,70.6333,147.9167,48.38,43,0,8.19,RU,2022-07-21 21:07:54
105,Castelo Do Piaui,-5.3222,-41.5525,82.9,46,86,9.78,BR,2022-07-21 21:10:10
106,Ilulissat,69.2167,-51.1,51.82,82,75,4.61,GL,2022-07-21 21:08:48
107,Dzaoudzi,-12.7887,45.2699,69.69,94,0,5.75,YT,2022-07-21 21:10:11
108,San Andres,12.5847,-81.7006,86.02,74,75,13.8,CO,2022-07-21 21:10:11
109,Talnakh,69.4865,88.3972,51.21,85,12,6.22,RU,2022-07-21 21:10:11
110,Port Elizabeth,-33.918,25.5701,55.63,77,0,5.19,ZA,2022-07-21 21:10:12
111,Markova,48.6758,24.4138,60.85,56,0,4.52,UA,2022-07-21 21:10:12
112,Buala,-8.145,159.5921,80.58,81,94,4.14,SB,2022-07-21 21:10:12
113,Bilma,18.6853,12.9164,94.53,26,94,6.38,NE,2022-07-21 21:10:13
114,Port Hedland,-20.3167,118.5667,60.85,100,0,9.22,AU,2022-07-21 21:10:13
115,Coburg,50.2667,10.9667,69.75,56,7,2.8,DE,2022-07-21 21:09:31
116,Bethel,41.3712,-73.414,91.04,66,0,10.36,US,2022-07-21 21:10:13
117,Rio Do Sul,-27.2142,-49.6431,64.38,88,37,2.17,BR,2022-07-21 21:08:04
118,Ixtapa,20.7,-105.2,91.22,74,20,10.36,MX,2022-07-21 21:10:14
119,Iqaluit,63.7506,-68.5145,42.53,93,75,0.0,CA,2022-07-21 21:10:14
120,Hasaki,35.7333,140.8333,79.29,92,100,17.4,JP,2022-07-21 21:10:15
121,Lomovka,53.9194,58.3672,52.02,94,100,2.28,RU,2022-07-21 21:10:15
122,Alto Araguaia,-17.3147,-53.2153,78.75,29,53,4.83,BR,2022-07-21 21:10:15
123,Kahului,20.8947,-156.47,82.42,69,75,17.27,US,2022-07-21 21:10:16
124,Vestmannaeyjar,63.4427,-20.2734,51.58,97,100,5.93,IS,2022-07-21 21:09:31
125,Liverpool,53.4106,-2.9779,63.14,76,75,5.75,GB,2022-07-21 21:06:16
126,Sao Filipe,14.8961,-24.4956,75.33,85,95,7.58,CV,2022-07-21 21:10:16
127,Lundazi,-12.2929,33.1782,61.52,63,10,9.24,ZM,2022-07-21 21:10:16
128,Dong Xoai,11.5333,106.9167,71.8,97,93,3.18,VN,2022-07-21 21:07:52
129,Pundaguitan,6.3711,126.1689,82.53,72,58,2.77,PH,2022-07-21 21:10:17
130,Touros,-5.1989,-35.4608,77.05,80,100,10.18,BR,2022-07-21 21:10:17
131,Bredasdorp,-34.5322,20.0403,47.84,88,100,1.92,ZA,2022-07-21 21:09:06
132,Pudozh,61.8099,36.5345,64.69,76,46,3.15,RU,2022-07-21 21:10:22
133,Puerto Del Rosario,28.5004,-13.8627,78.55,65,0,14.97,ES,2022-07-21 21:10:23
134,Flin Flon,54.7682,-101.865,61.34,67,100,13.44,CA,2022-07-21 21:10:23
135,Ngoro,-7.6839,112.258,71.76,89,99,5.68,ID,2022-07-21 21:10:23
136,Tuktoyaktuk,69.4541,-133.0374,55.4,94,100,8.05,CA,2022-07-21 21:05:25
137,Clyde River,70.4692,-68.5914,37.67,95,100,2.66,CA,2022-07-21 21:10:24
138,Nyuksenitsa,60.4128,44.2397,57.33,93,43,3.69,RU,2022-07-21 21:11:24
139,Kavieng,-2.5744,150.7967,81.05,79,100,11.95,PG,2022-07-21 21:10:41
140,Arraial Do Cabo,-22.9661,-42.0278,69.66,88,0,5.75,BR,2022-07-21 21:11:24
141,Porto Novo,6.4965,2.6036,75.33,79,32,8.21,BJ,2022-07-21 21:11:25
142,Margate,51.3813,1.3862,65.3,77,20,5.01,GB,2022-07-21 21:06:43
143,Praya,14.9215,-23.5087,79.34,73,40,5.75,CV,2022-07-21 21:11:26
144,Batagay-Alyta,67.8006,130.4114,51.3,73,86,2.01,RU,2022-07-21 21:11:26
145,Baruun-Urt,46.6806,113.2792,69.28,51,97,9.53,MN,2022-07-21 21:11:27
146,Nanortalik,60.1432,-45.2371,50.31,76,2,12.88,GL,2022-07-21 21:11:27
147,Tessalit,20.1986,1.0114,92.25,30,86,8.16,ML,2022-07-21 21:11:27
148,Longyearbyen,78.2186,15.6401,49.84,87,75,3.44,SJ,2022-07-21 21:11:27
149,Kasakh,40.537,44.4105,67.26,88,6,5.97,AM,2022-07-21 21:11:28
150,Guerrero Negro,27.9769,-114.0611,80.11,48,7,19.08,MX,2022-07-21 21:07:35
151,Norman Wells,65.282,-126.8329,75.0,45,27,5.01,CA,2022-07-21 21:11:28
152,Guasdualito,7.2424,-70.7324,76.24,92,99,1.12,VE,2022-07-21 21:11:29
153,Yar-Sale,66.8333,70.8333,45.1,77,100,11.83,RU,2022-07-21 21:11:29
154,Pangnirtung,66.1451,-65.7125,44.6,100,75,4.61,CA,2022-07-21 21:09:12
155,Bambous Virieux,-20.3428,57.7575,69.22,65,93,17.98,MU,2022-07-21 21:09:28
156,Pandan,14.0453,124.1694,80.8,86,24,7.11,PH,2022-07-21 21:11:29
157,San Diego De La Union,21.4667,-100.8667,86.23,17,52,17.74,MX,2022-07-21 21:11:30
158,Pouembout,-21.1333,164.9,75.13,85,63,7.96,NC,2022-07-21 21:11:30
159,Severo-Kurilsk,50.6789,156.125,53.76,96,100,26.44,RU,2022-07-21 21:11:30
160,Manggar,-2.8833,108.2667,82.15,77,100,9.62,ID,2022-07-21 21:11:31
161,Mount Gambier,-37.8333,140.7667,47.26,86,100,7.72,AU,2022-07-21 21:08:23
162,Gladstone,-23.85,151.25,58.93,94,75,10.36,AU,2022-07-21 21:11:31
163,Mahebourg,-20.4081,57.7,69.26,66,88,17.36,MU,2022-07-21 21:11:31
164,Launceston,-41.45,147.1667,41.34,90,4,9.22,AU,2022-07-21 21:07:26
165,Ust-Kuyga,70.0167,135.6,54.52,60,5,3.33,RU,2022-07-21 21:11:32
166,Padmanabhapuram,8.2333,77.3333,77.2,84,100,10.02,IN,2022-07-21 21:11:32
167,Puerto Escondido,15.85,-97.0667,88.63,55,75,3.44,MX,2022-07-21 21:11:32
168,Zapolyarnyy,69.4154,30.8136,60.08,71,100,4.07,RU,2022-07-21 21:11:33
169,Port Hardy,50.6996,-127.4199,59.18,82,40,12.66,CA,2022-07-21 21:11:33
170,Dikson,73.5069,80.5464,42.85,95,100,18.3,RU,2022-07-21 21:11:34
171,Saint Anthony,45.0205,-93.218,87.93,36,0,19.57,US,2022-07-21 21:11:34
172,Marneuli,41.4759,44.8089,68.74,87,41,6.38,GE,2022-07-21 21:11:34
173,Upernavik,72.7868,-56.1549,45.73,96,100,18.52,GL,2022-07-21 21:08:49
174,Porto Santo,33.072,-16.3415,70.18,68,75,16.11,PT,2022-07-21 21:11:35
175,Alofi,-19.0595,-169.9187,78.69,69,40,8.05,NU,2022-07-21 21:11:35
176,Gibsons,49.3997,-123.5027,82.09,65,100,2.86,CA,2022-07-21 21:11:00
177,Edd,13.9297,41.6925,91.29,60,67,4.97,ER,2022-07-21 21:11:35
178,Saldanha,-33.0117,17.9442,54.34,76,98,11.48,ZA,2022-07-21 21:11:36
179,Cidreira,-30.1811,-50.2056,62.71,90,90,4.56,BR,2022-07-21 21:11:36
180,Tyukhtet,56.5389,89.3011,55.04,96,54,6.13,RU,2022-07-21 21:11:36
181,Sao Joao Da Barra,-21.6403,-41.0511,73.49,83,8,9.93,BR,2022-07-21 21:12:37
182,Ankazoabo,-22.2833,44.5167,64.06,58,38,3.33,MG,2022-07-21 21:12:37
183,Castro,-24.7911,-50.0119,61.34,81,28,3.36,BR,2022-07-21 21:12:37
184,Talcahuano,-36.7167,-73.1167,51.48,93,100,5.75,CL,2022-07-21 21:12:37
185,El Carmen,8.5106,-73.4478,78.33,83,94,1.34,CO,2022-07-21 21:12:38
186,Ballangen,68.3428,16.8315,55.62,82,75,9.22,NO,2022-07-21 21:12:38
187,Astara,38.5,48.6667,65.1,66,0,3.38,AZ,2022-07-21 21:12:38
188,Ribeira Grande,38.5167,-28.7,74.14,81,32,2.59,PT,2022-07-21 21:11:36
189,Mar Del Plata,-38.0023,-57.5575,52.09,57,88,5.12,AR,2022-07-21 21:09:04
190,Lagoa,39.05,-27.9833,72.54,87,93,5.06,PT,2022-07-21 21:12:39
191,Hayden,47.766,-116.7866,92.08,28,0,10.36,US,2022-07-21 21:12:39
192,Jimenez,28.3333,-105.4,102.88,17,20,14.29,MX,2022-07-21 21:12:39
193,Konya,38.1667,32.5,63.88,37,0,6.2,TR,2022-07-21 21:12:40
194,Pisco,-13.7,-76.2167,64.45,68,20,14.97,PE,2022-07-21 21:11:34
195,Dingle,10.9995,122.6711,77.18,92,100,5.99,PH,2022-07-21 21:12:40
196,Oda,35.1833,132.5,73.67,93,95,18.16,JP,2022-07-21 21:12:41
197,Akdepe,42.0551,59.3788,91.65,21,1,9.13,TM,2022-07-21 21:12:41
198,Tukrah,32.5341,20.5791,77.36,76,0,10.6,LY,2022-07-21 21:12:41
199,Tobermory,45.2501,-81.6665,67.62,79,0,12.5,CA,2022-07-21 21:12:41
200,Isangel,-19.55,169.2667,78.08,80,4,13.71,VU,2022-07-21 21:12:42
201,Beira,-19.8436,34.8389,69.55,87,0,7.27,MZ,2022-07-21 21:12:42
202,Hofn,64.2539,-15.2082,50.56,90,33,1.74,IS,2022-07-21 21:12:42
203,Saint George,37.1041,-113.5841,111.63,13,0,14.97,US,2022-07-21 21:11:24
204,Bull Savanna,17.8868,-77.5902,85.48,60,5,16.67,JM,2022-07-21 21:12:43
205,Manadhoo,5.7667,73.3833,82.15,76,100,19.51,MV,2022-07-21 21:12:43
206,Synya,65.3718,58.0387,47.75,64,0,6.67,RU,2022-07-21 21:12:44
207,Carinhanha,-14.3047,-43.765,77.63,30,10,5.17,BR,2022-07-21 21:12:44
208,Santa Rosa,14.3122,121.1114,79.11,84,68,3.83,PH,2022-07-21 21:10:56
209,Morden,49.1919,-98.1014,79.09,52,8,13.87,CA,2022-07-21 21:07:48
210,New Norfolk,-42.7826,147.0587,37.71,97,3,2.55,AU,2022-07-21 21:10:06
211,Hokitika,-42.7167,170.9667,41.29,70,0,8.61,NZ,2022-07-21 21:12:44
212,Tiznit,29.5833,-9.5,89.47,22,39,2.17,MA,2022-07-21 21:12:45
213,Benghazi,32.1167,20.0667,78.49,70,0,10.8,LY,2022-07-21 21:12:45
214,Tibati,6.4667,12.6333,66.11,97,100,1.43,CM,2022-07-21 21:12:45
215,Chifeng,42.2683,118.9636,67.75,77,0,4.09,CN,2022-07-21 21:12:46
216,Raudeberg,61.9875,5.1352,52.47,84,78,10.0,NO,2022-07-21 21:12:53
217,Nokaneng,-19.6667,22.2667,61.0,48,54,7.31,BW,2022-07-21 21:12:53
218,Klaksvik,62.2266,-6.589,50.92,89,12,4.88,FO,2022-07-21 21:11:34
219,Maltahohe,-24.8333,16.9833,56.37,30,0,10.31,NA,2022-07-21 21:12:54
220,Amol,36.4696,52.3507,76.44,84,52,8.28,IR,2022-07-21 21:12:54
221,Palmer,42.1584,-72.3287,89.78,60,20,14.97,US,2022-07-21 21:12:54
222,Bud,39.447,-86.1758,92.41,47,0,7.65,US,2022-07-21 21:12:55
223,Labuhan,-6.8844,112.2051,75.24,84,94,9.4,ID,2022-07-21 21:12:55
224,Yumen,40.2833,97.2,67.84,26,0,8.52,CN,2022-07-21 21:12:55
225,Ust-Tarka,55.5672,75.705,56.57,97,100,11.07,RU,2022-07-21 21:12:55
226,Magadan,59.5667,150.8,67.53,78,46,5.5,RU,2022-07-21 21:12:56
227,Gambela,8.25,34.5833,69.31,83,18,3.02,ET,2022-07-21 21:13:56
228,Gizo,-8.103,156.8419,81.48,77,44,6.17,SB,2022-07-21 21:13:56
229,Yatou,37.15,122.3833,69.6,85,0,4.94,CN,2022-07-21 21:13:57
230,Jiayuguan,39.8167,98.3,64.76,30,0,4.09,CN,2022-07-21 21:13:58
231,Cuautepec,16.7,-99.0,85.08,73,94,7.0,MX,2022-07-21 21:13:58
232,Okhotsk,59.3833,143.3,58.42,87,100,4.03,RU,2022-07-21 21:13:58
233,Yuancheng,36.652,107.7896,59.83,87,100,12.37,CN,2022-07-21 21:13:59
234,Airai,-8.9266,125.4092,54.61,92,96,4.0,TL,2022-07-21 21:12:40
235,Sao Jose Da Coroa Grande,-8.8978,-35.1478,74.61,86,88,9.8,BR,2022-07-21 21:13:59
236,Taoudenni,22.6783,-3.9836,92.93,35,67,15.66,ML,2022-07-21 21:13:59
237,Lavrentiya,65.5833,-171.0,40.41,81,100,20.11,RU,2022-07-21 21:10:17
238,Rindal,63.0565,9.2124,52.66,94,100,4.25,NO,2022-07-21 21:14:00
239,North Bend,43.4065,-124.2243,71.92,67,20,11.5,US,2022-07-21 21:13:06
240,Doctor Juan Leon Mallorquin,-25.4,-55.2667,76.73,59,88,4.83,PY,2022-07-21 21:14:00
241,Dori,14.0354,-0.0345,89.26,47,54,0.72,BF,2022-07-21 21:14:00
242,Hambantota,6.1241,81.1185,79.16,81,100,20.2,LK,2022-07-21 21:14:01
243,Searcy,35.2506,-91.7363,97.99,44,0,6.91,US,2022-07-21 21:14:01
244,Shawville,45.6001,-76.4827,77.77,83,75,13.98,CA,2022-07-21 21:14:01
245,Vao,-22.6667,167.4833,73.38,90,10,19.75,NC,2022-07-21 21:14:02
246,Georgetown,5.4112,100.3354,81.9,89,20,2.3,MY,2022-07-21 21:10:09
247,Kilindoni,-7.9139,39.6668,75.99,71,0,17.18,TZ,2022-07-21 21:14:02
248,Langenlois,48.4904,15.6521,76.66,87,100,5.68,AT,2022-07-21 21:14:02
249,Havre-Saint-Pierre,50.2334,-63.5986,68.58,60,96,8.3,CA,2022-07-21 21:14:03
250,Tuatapere,-46.1333,167.6833,43.77,91,99,1.77,NZ,2022-07-21 21:14:03
251,Tirlyanskiy,54.2109,58.5806,51.01,95,81,2.84,RU,2022-07-21 21:14:03
252,Padre Bernardo,-15.35,-48.5,75.85,34,5,3.51,BR,2022-07-21 21:14:04
253,Bontang,0.1333,117.5,79.0,82,72,1.54,ID,2022-07-21 21:12:01
254,Fortuna,40.5982,-124.1573,65.93,78,42,5.01,US,2022-07-21 21:12:24
255,Auki,-8.7676,160.7034,79.54,83,95,2.19,SB,2022-07-21 21:14:04
256,Westerland,54.9079,8.3033,59.02,88,100,14.97,DE,2022-07-21 21:14:05
257,Saint-Pierre,-21.3393,55.4781,64.29,77,75,2.3,RE,2022-07-21 21:14:05
258,Tasiilaq,65.6145,-37.6368,42.96,78,77,1.61,GL,2022-07-21 21:11:33
259,Kalmunai,7.4167,81.8167,78.67,85,99,8.01,LK,2022-07-21 21:14:05
260,Normandin,48.8333,-72.5321,79.11,57,59,9.51,CA,2022-07-21 21:14:06
261,Souillac,-20.5167,57.5167,69.24,70,80,15.17,MU,2022-07-21 21:11:43
262,Ostrovnoy,68.0531,39.5131,54.23,82,95,5.08,RU,2022-07-21 21:14:06
263,Lahat,-3.8,103.5333,71.6,93,88,2.57,ID,2022-07-21 21:14:06
264,Necochea,-38.5473,-58.7368,46.15,52,85,2.53,AR,2022-07-21 21:14:07
265,Galesong,-5.3166,119.3661,75.22,88,94,8.28,ID,2022-07-21 21:14:07
266,Tucson,32.2217,-110.9265,105.87,26,0,14.0,US,2022-07-21 21:11:18
267,Lewiston,44.1003,-70.2148,82.89,86,75,18.41,US,2022-07-21 21:13:06
268,Biak,-0.9131,122.8766,74.91,88,27,6.64,ID,2022-07-21 21:14:07
269,Te Anau,-45.4167,167.7167,35.53,94,56,0.96,NZ,2022-07-21 21:14:08
270,Ewa Beach,21.3156,-158.0072,85.95,57,75,20.71,US,2022-07-21 21:14:08
271,Vila Velha,-20.3297,-40.2925,73.35,87,75,8.05,BR,2022-07-21 21:12:27
272,Sinnamary,5.3833,-52.95,80.22,80,23,8.88,GF,2022-07-21 21:14:08
273,San Cristobal,7.7669,-72.225,75.38,64,84,6.02,VE,2022-07-21 21:14:09
274,Kita,13.0349,-9.4895,75.52,90,100,3.47,ML,2022-07-21 21:15:09
275,Ayagoz,47.9714,80.4392,69.48,46,78,15.1,KZ,2022-07-21 21:15:09
276,Gat,31.61,34.7642,79.48,100,4,1.83,IL,2022-07-21 21:15:10
277,Urumqi,43.801,87.6005,74.35,25,0,8.95,CN,2022-07-21 21:15:10
278,Kapit,2.0167,112.9333,74.05,100,100,2.04,MY,2022-07-21 21:15:10
279,Srandakan,-7.9386,110.2506,75.43,84,100,9.57,ID,2022-07-21 21:15:11
280,Cartagena,10.3997,-75.5144,83.82,79,40,8.05,CO,2022-07-21 21:13:44
281,Quthing,-30.4,27.7003,48.69,50,0,3.02,LS,2022-07-21 21:15:11
282,Puerto Princesa,9.7392,118.7353,78.78,89,20,4.61,PH,2022-07-21 21:15:12
283,Mananara,-16.1667,49.7667,64.87,92,48,4.94,MG,2022-07-21 21:15:12
284,Mokrous,51.2333,47.5167,60.55,87,9,5.14,RU,2022-07-21 21:15:12
285,Srednekolymsk,67.45,153.6833,50.29,46,0,9.71,RU,2022-07-21 21:15:12
286,Rochegda,62.8,43.25,61.5,92,29,4.38,RU,2022-07-21 21:15:13
287,Severnyy,50.677,36.5532,59.04,94,75,8.95,RU,2022-07-21 21:15:13
288,Muzhi,65.3667,64.6667,47.44,61,4,11.25,RU,2022-07-21 21:15:13
289,Belyy Yar,53.6039,91.3903,55.85,87,0,0.0,RU,2022-07-21 21:15:14
290,State College,40.7934,-77.86,88.45,54,40,16.11,US,2022-07-21 21:14:17
291,Leh,34.1667,77.5833,66.2,18,95,5.5,IN,2022-07-21 21:15:14
292,Bowen,-20.0167,148.2333,60.15,91,40,6.78,AU,2022-07-21 21:15:15
293,Quatre Cocos,-20.2078,57.7625,70.09,68,91,19.01,MU,2022-07-21 21:15:15
294,Ahuimanu,21.4447,-157.8378,85.71,68,100,20.71,US,2022-07-21 21:15:15
295,Rafaela,-31.2503,-61.4867,61.0,60,99,5.01,AR,2022-07-21 21:15:15
296,Camargo,27.6667,-105.1667,100.06,16,38,5.79,MX,2022-07-21 21:15:16
297,Aswan,24.0934,32.907,90.01,16,4,13.33,EG,2022-07-21 21:15:16
298,Turukhansk,65.8167,87.9833,55.62,94,100,9.46,RU,2022-07-21 21:15:16
299,Olinda,-8.0089,-34.8553,76.73,83,40,8.05,BR,2022-07-21 21:15:17
300,Waddan,29.1614,16.139,80.1,45,0,16.73,LY,2022-07-21 21:15:17
301,Miri,4.4148,114.0089,76.21,92,99,5.46,MY,2022-07-21 21:12:36
302,Nemuro,43.3236,145.575,57.97,88,0,6.04,JP,2022-07-21 21:15:17
303,Wamba,8.9333,8.6,72.21,94,97,1.68,NG,2022-07-21 21:15:18
304,Sydney,-33.8679,151.2073,58.28,85,75,12.66,AU,2022-07-21 21:10:58
305,Shar,49.5886,81.0453,68.5,84,100,8.93,KZ,2022-07-21 21:15:18
306,Havoysund,70.9963,24.6622,55.63,99,100,18.32,NO,2022-07-21 21:15:19
307,Sibolga,1.7427,98.7792,75.65,89,100,3.71,ID,2022-07-21 21:15:19
308,Nanakuli,21.3906,-158.1547,85.95,54,75,13.8,US,2022-07-21 21:15:19
309,Vanavara,60.34,102.2797,55.24,81,92,2.44,RU,2022-07-21 21:15:19
310,Mutsu,41.2894,141.2169,68.9,91,100,5.19,JP,2022-07-21 21:15:20
311,Fare,-16.7,-151.0167,76.75,74,6,11.86,PF,2022-07-21 21:15:20
312,Sitka,57.0531,-135.33,57.09,82,100,4.61,US,2022-07-21 21:15:20
313,Bayir,37.2687,28.2167,75.72,35,0,7.25,TR,2022-07-21 21:15:21
314,Ejura,7.3856,-1.3562,74.68,73,94,2.48,GH,2022-07-21 21:15:21
315,Devils Lake,48.1128,-98.8651,82.51,46,0,14.97,US,2022-07-21 21:15:21
316,Gadwal,16.2333,77.8,82.35,67,100,6.38,IN,2022-07-21 21:15:22
317,Constitucion,-35.3333,-72.4167,56.97,80,31,10.45,CL,2022-07-21 21:15:22
318,Palauig,15.435,119.9045,82.09,74,100,4.65,PH,2022-07-21 21:15:22
319,Ridgecrest,35.6225,-117.6709,109.65,10,75,4.61,US,2022-07-21 21:12:09
320,Alexandria,31.2156,29.9553,77.85,67,0,10.98,EG,2022-07-21 21:14:24
321,Saint-Augustin,51.226,-58.6502,74.88,43,83,6.02,CA,2022-07-21 21:16:30
322,Meulaboh,4.1363,96.1285,77.99,82,100,4.56,ID,2022-07-21 21:16:30
323,Sembakung,3.8167,117.25,72.72,100,100,1.9,ID,2022-07-21 21:11:33
324,Yuma,32.7253,-114.6244,107.89,26,75,11.5,US,2022-07-21 21:13:27
325,Benguela,-12.5763,13.4055,68.07,84,76,4.54,AO,2022-07-21 21:16:31
326,Omboue,-1.5746,9.2618,72.23,90,90,7.72,GA,2022-07-21 21:16:31
327,Sao Gabriel Da Cachoeira,-0.1303,-67.0892,78.13,92,96,1.99,BR,2022-07-21 21:16:31
328,Sola,-13.8833,167.55,80.31,81,62,17.43,VU,2022-07-21 21:16:32
329,Ciudad Bolivar,8.1222,-63.5497,85.78,65,83,10.74,VE,2022-07-21 21:16:32
330,Kamaishi,39.2667,141.8833,70.99,93,99,1.25,JP,2022-07-21 21:16:32
331,San Juan,-31.5375,-68.5364,63.5,22,0,9.33,AR,2022-07-21 21:11:42
332,Aklavik,68.2191,-135.0107,66.2,63,75,8.05,CA,2022-07-21 21:16:33
333,Tado,5.266,-76.5649,78.62,93,100,3.91,CO,2022-07-21 21:16:33
334,Dukat,62.55,155.55,51.12,55,1,7.4,RU,2022-07-21 21:16:33
335,Anloga,5.7947,0.8973,75.38,79,13,13.13,GH,2022-07-21 21:16:34
336,Matagami,49.7502,-77.6328,62.71,100,100,12.66,CA,2022-07-21 21:16:34
337,Vardo,70.3705,31.1107,55.38,94,100,5.75,NO,2022-07-21 21:16:34
338,Udachnyy,66.4167,112.4,48.45,100,100,1.7,RU,2022-07-21 21:12:54
339,Salvador,13.8333,-88.9167,86.05,53,24,2.21,SV,2022-07-21 21:16:35
340,Eyl,7.9803,49.8164,76.33,78,2,23.67,SO,2022-07-21 21:16:35
341,Navahrudak,53.6,25.8333,61.59,92,7,5.7,BY,2022-07-21 21:16:35
342,Sassandra,4.95,-6.0833,74.7,75,100,5.28,CI,2022-07-21 21:16:36
343,Phan Thiet,10.9333,108.1,74.88,89,81,3.62,VN,2022-07-21 21:12:58
344,San Vicente,-26.6167,-54.1333,65.71,78,88,2.82,AR,2022-07-21 21:16:36
345,Majene,-3.5403,118.9707,76.68,91,97,9.26,ID,2022-07-21 21:16:37
346,Flinders,-34.5833,150.8552,54.37,88,95,5.99,AU,2022-07-21 21:16:37
347,Praia,14.9215,-23.5087,79.34,73,40,5.75,CV,2022-07-21 21:13:20
348,Ghogha,21.6833,72.2833,81.66,79,96,12.66,IN,2022-07-21 21:16:37
349,Porto Nacional,-10.7081,-48.4172,87.8,31,0,3.58,BR,2022-07-21 21:16:37
350,Troy,42.6056,-83.1499,91.58,43,40,13.8,US,2022-07-21 21:12:56
351,Rio Grande,-32.035,-52.0986,64.51,99,100,5.75,BR,2022-07-21 21:16:24
352,Camacha,33.0833,-16.3333,67.42,68,75,16.11,PT,2022-07-21 21:16:38
353,Diego De Almagro,-26.3667,-70.05,66.52,36,0,5.66,CL,2022-07-21 21:16:38
354,Shimoda,34.6667,138.95,81.1,88,7,6.89,JP,2022-07-21 21:16:46
355,Banyo,6.75,11.8167,65.23,97,100,2.28,CM,2022-07-21 21:16:46
356,Bam,29.106,58.357,92.25,16,22,6.51,IR,2022-07-21 21:13:36
357,Henties Bay,-22.116,14.2845,58.75,69,0,5.48,NA,2022-07-21 21:16:46
358,Garowe,8.4054,48.4845,78.76,50,30,24.76,SO,2022-07-21 21:16:47
359,Vanimo,-2.6741,141.3028,77.45,87,100,3.58,PG,2022-07-21 21:16:47
360,Otacilio Costa,-27.4831,-50.1219,59.14,95,36,1.79,BR,2022-07-21 21:16:44
361,Marawi,7.9986,124.2928,68.07,92,100,2.89,PH,2022-07-21 21:16:47
362,Xiamen,24.4798,118.0819,83.25,84,5,4.38,CN,2022-07-21 21:13:32
363,Qaqortoq,60.7167,-46.0333,50.13,78,9,2.57,GL,2022-07-21 21:16:48
364,Evensk,61.95,159.2333,61.45,48,1,6.15,RU,2022-07-21 21:17:48
365,Canoinhas,-26.1772,-50.39,63.45,84,77,0.98,BR,2022-07-21 21:17:49
366,Kota Belud,6.351,116.4305,76.87,82,38,3.76,MY,2022-07-21 21:17:50
367,Reconquista,-29.15,-59.65,72.79,61,96,4.29,AR,2022-07-21 21:17:50
368,Hun,29.1268,15.9477,80.83,42,0,14.47,LY,2022-07-21 21:17:50
369,Shitanjing,39.2342,106.3439,61.7,48,100,5.12,CN,2022-07-21 21:17:51
370,Hurghada,27.2574,33.8129,89.24,30,2,20.92,EG,2022-07-21 21:17:51
371,Tazovskiy,67.4667,78.7,43.63,85,100,3.4,RU,2022-07-21 21:17:51
372,Nagua,19.3832,-69.8474,79.11,94,75,13.8,DO,2022-07-21 21:17:52
373,Dapaong,10.8639,0.205,79.84,61,100,4.47,TG,2022-07-21 21:17:52
374,Knysna,-34.0363,23.0471,53.65,80,67,5.08,ZA,2022-07-21 21:17:52
375,Guangyuan,32.442,105.823,64.98,96,100,7.56,CN,2022-07-21 21:17:53
376,Nouakchott,18.0858,-15.9785,78.73,80,10,10.18,MR,2022-07-21 21:14:03
377,Chapais,49.7834,-74.8492,71.38,91,100,13.98,CA,2022-07-21 21:17:53
378,Socorro,31.6546,-106.3033,103.37,17,40,9.22,US,2022-07-21 21:17:53
379,Petropavlovsk-Kamchatskiy,53.0452,158.6483,61.39,94,75,2.24,RU,2022-07-21 21:17:54
380,Maragogi,-9.0122,-35.2225,74.19,87,84,9.37,BR,2022-07-21 21:17:54
381,Whitley Bay,55.0397,-1.4471,59.81,78,75,4.61,GB,2022-07-21 21:17:54
382,Hvide Sande,56.0045,8.1294,60.1,85,100,23.06,DK,2022-07-21 21:17:55
383,Skelleftea,64.7507,20.9528,68.36,100,100,8.05,SE,2022-07-21 21:17:55
384,Aripuana,-9.1667,-60.6333,91.54,35,12,0.81,BR,2022-07-21 21:17:55
385,Kruisfontein,-34.0033,24.7314,50.11,87,0,4.16,ZA,2022-07-21 21:17:55
386,Bogovarovo,58.9785,47.0246,55.49,89,38,3.4,RU,2022-07-21 21:17:56
387,Daru,-9.0763,143.2092,75.7,92,69,6.8,PG,2022-07-21 21:17:56
388,Vilyuysk,63.7553,121.6247,55.92,96,100,7.7,RU,2022-07-21 21:17:56
389,Caravelas,-17.7125,-39.2481,70.92,82,2,5.53,BR,2022-07-21 21:17:57
390,Brae,60.3964,-1.353,50.7,85,16,10.56,GB,2022-07-21 21:17:57
391,Atherton,53.5237,-2.4935,63.28,85,99,1.01,GB,2022-07-21 21:17:57
392,Mehamn,71.0357,27.8492,57.11,100,75,5.75,NO,2022-07-21 21:17:58
393,Staryy Nadym,65.6118,72.6842,46.53,72,100,3.94,RU,2022-07-21 21:17:58
394,Fairbanks,64.8378,-147.7164,63.3,62,75,3.44,US,2022-07-21 21:17:25
395,Sechura,-5.5569,-80.8222,73.76,55,46,13.73,PE,2022-07-21 21:17:58
396,Salalah,17.0151,54.0924,77.09,94,100,5.75,OM,2022-07-21 21:17:59
397,Ndungu,-4.3667,38.05,63.82,86,2,2.66,TZ,2022-07-21 21:17:59
398,Harper,4.375,-7.7169,75.45,76,100,8.68,LR,2022-07-21 21:17:59
399,Myrtle Beach,33.6891,-78.8867,91.06,77,0,17.27,US,2022-07-21 21:18:00
400,Abu Samrah,35.3029,37.1841,75.78,57,0,11.12,SY,2022-07-21 21:18:00
401,Yulara,-25.2406,130.9889,48.25,42,0,7.54,AU,2022-07-21 21:13:31
402,Kalianget,-7.05,113.9333,79.07,77,100,8.46,ID,2022-07-21 21:18:05
403,Atar,20.5169,-13.0499,95.32,31,7,9.17,MR,2022-07-21 21:18:05
404,Ponta Do Sol,32.6667,-17.1,71.71,78,3,7.72,PT,2022-07-21 21:18:06
405,Avera,33.194,-82.5271,89.38,53,100,11.52,US,2022-07-21 21:18:06
406,Tottori,35.5,134.2333,75.29,92,73,5.59,JP,2022-07-21 21:18:06
407,Chateau-Thierry,49.05,3.4,68.36,73,20,7.9,FR,2022-07-21 21:18:07
408,Severnoye,56.3491,78.3619,57.6,98,100,3.85,RU,2022-07-21 21:18:07
409,Ucluelet,48.9329,-125.5528,61.09,87,100,1.01,CA,2022-07-21 21:14:53
410,Tilichiki,60.4667,166.1,58.37,50,0,7.07,RU,2022-07-21 21:19:07
411,Turinsk,58.0458,63.696,52.83,96,21,5.5,RU,2022-07-21 21:19:08
412,Panzhihua,26.5851,101.7128,68.4,95,100,0.98,CN,2022-07-21 21:19:08
413,Vostok,46.4856,135.8833,60.44,98,99,1.45,RU,2022-07-21 21:19:08
414,Moussoro,13.6408,16.4901,87.35,56,50,1.61,TD,2022-07-21 21:19:09
415,Antalaha,-14.9003,50.2788,66.06,91,71,7.87,MG,2022-07-21 21:19:09
416,Naze,28.3667,129.4833,81.52,87,35,13.67,JP,2022-07-21 21:18:58
417,Ciudad Guayana,8.3533,-62.6528,75.52,97,35,7.2,VE,2022-07-21 21:19:09
418,Port-Gentil,-0.7193,8.7815,75.16,88,40,9.22,GA,2022-07-21 21:19:10
419,Olafsvik,64.8945,-23.7142,53.33,85,46,7.2,IS,2022-07-21 21:19:10
420,Qasigiannguit,68.8193,-51.1922,52.05,93,100,3.87,GL,2022-07-21 21:19:10
421,San Policarpo,12.1791,125.5072,82.02,81,98,7.4,PH,2022-07-21 21:19:11
422,Solnechnyy,50.7214,136.6319,57.09,96,100,6.73,RU,2022-07-21 21:19:11
423,Salina Cruz,16.1667,-95.2,85.84,67,90,8.1,MX,2022-07-21 21:19:11
424,Bengkulu,-3.8004,102.2655,74.79,91,86,4.45,ID,2022-07-21 21:19:11
425,Cherskiy,68.75,161.3,42.82,58,98,11.12,RU,2022-07-21 21:19:12
426,Goderich,43.7501,-81.7165,80.92,54,0,8.05,CA,2022-07-21 21:15:36
427,Port Hueneme,34.1478,-119.1951,103.19,64,0,16.11,US,2022-07-21 21:19:12
428,Hovd,48.0056,91.6419,61.9,45,98,3.98,MN,2022-07-21 21:19:13
429,Murgab,37.4966,61.9714,85.87,28,0,4.61,TM,2022-07-21 21:19:13
430,Freiberg,50.9167,13.3667,68.36,57,42,5.99,DE,2022-07-21 21:19:13
431,Pokhara,28.2333,83.9833,72.19,87,100,3.98,NP,2022-07-21 21:19:13
432,Taywarah,33.35,64.4167,64.87,21,0,3.76,AF,2022-07-21 21:19:14
433,San Quintin,30.4833,-115.95,71.82,76,100,17.94,MX,2022-07-21 21:19:14
434,Huarmey,-10.0681,-78.1522,66.67,73,21,11.88,PE,2022-07-21 21:19:14
435,Sibu,2.3,111.8167,75.51,94,40,3.44,MY,2022-07-21 21:19:15
436,Karasjok,69.4719,25.5112,58.05,94,100,8.5,NO,2022-07-21 21:19:15
437,Strathmore,51.0501,-113.3852,84.87,37,1,6.91,CA,2022-07-21 21:19:15
438,Tigil,57.8,158.6667,66.27,57,13,7.25,RU,2022-07-21 21:19:16
439,Cayenne,4.9333,-52.3333,83.08,1,40,4.61,GF,2022-07-21 21:19:16
440,Svetlyy,54.675,20.1347,72.97,60,7,8.5,RU,2022-07-21 21:19:16
441,Balod,20.73,81.2047,75.9,93,100,7.83,IN,2022-07-21 21:19:17
442,Marystown,47.1666,-55.1483,65.86,100,38,8.01,CA,2022-07-21 21:18:44
443,Gamba,-2.65,10.0,70.75,93,90,6.51,GA,2022-07-21 21:19:17
444,Ketchikan,55.3422,-131.6461,63.07,67,100,9.22,US,2022-07-21 21:19:17
445,Perth,-31.9333,115.8333,58.17,90,20,6.91,AU,2022-07-21 21:18:05
446,Soyo,-6.1349,12.3689,70.2,88,7,11.12,AO,2022-07-21 21:19:18
447,Faro,37.0194,-7.9322,81.18,57,0,10.36,PT,2022-07-21 21:19:16
448,Jinxiang,27.4327,120.6062,80.64,87,3,1.99,CN,2022-07-21 21:19:18
449,Samarai,-10.6167,150.6667,79.52,81,24,7.09,PG,2022-07-21 21:19:18
450,Namalenga,-10.95,39.1,64.89,85,0,4.68,TZ,2022-07-21 21:19:19
451,Muroto,33.2833,134.15,79.43,86,14,11.32,JP,2022-07-21 21:19:19
452,Obera,-27.4871,-55.1199,68.56,73,68,3.2,AR,2022-07-21 21:19:19
453,Kieta,-6.2167,155.6333,79.36,78,98,1.5,PG,2022-07-21 21:19:20
454,Salym,60.0625,71.4789,49.98,86,72,6.55,RU,2022-07-21 21:19:20
455,Bousso,10.4795,16.7117,78.55,75,39,3.27,TD,2022-07-21 21:19:20
456,Ndioum,16.5129,-14.6471,90.07,47,99,9.82,SN,2022-07-21 21:19:20
457,Labuan,5.2767,115.2417,82.76,83,20,3.44,MY,2022-07-21 21:19:21
458,Xining,36.6167,101.7667,46.17,88,48,2.89,CN,2022-07-21 21:19:21
459,Raga,8.4596,25.678,68.97,96,100,2.42,SS,2022-07-21 21:20:21
460,Carballo,43.213,-8.691,69.22,91,99,10.6,ES,2022-07-21 21:20:22
461,Beirut,33.8889,35.4944,79.54,78,0,9.22,LB,2022-07-21 21:20:22
462,Tabou,4.423,-7.3528,75.43,76,100,7.7,CI,2022-07-21 21:20:22
463,Sambava,-14.2667,50.1667,68.23,86,54,11.86,MG,2022-07-21 21:20:23
464,Cap Malheureux,-19.9842,57.6142,70.47,72,98,7.0,MU,2022-07-21 21:16:30
465,Londonderry,54.9981,-7.3093,56.93,77,20,6.91,GB,2022-07-21 21:17:17
466,Marienburg,54.0359,19.0266,78.89,45,100,8.25,PL,2022-07-21 21:20:23
467,Moron,-34.6534,-58.6198,58.95,79,100,7.76,AR,2022-07-21 21:20:23
468,Przhevalskoye,55.5093,31.8482,54.81,94,0,5.01,RU,2022-07-21 21:20:27
469,El Alto,-4.2714,-81.2147,71.26,64,34,20.65,PE,2022-07-21 21:20:27
470,Acari,-15.4311,-74.6158,68.5,65,24,7.76,PE,2022-07-21 21:20:27
471,Rovaniemi,66.5,25.7167,67.41,77,0,6.91,FI,2022-07-21 21:20:28
472,Yining,29.0361,114.5636,77.92,89,95,1.72,CN,2022-07-21 21:20:28
473,Kanigoro,-8.13,112.219,72.79,88,100,7.4,ID,2022-07-21 21:20:28
474,Jaru,-10.4389,-62.4664,92.08,30,0,1.99,BR,2022-07-21 21:18:59
475,Duluth,46.7833,-92.1066,82.35,41,20,20.71,US,2022-07-21 21:20:29
476,Yaan,7.3833,8.5667,71.67,95,100,4.43,NG,2022-07-21 21:20:29
477,Pilar,-9.5972,-35.9567,76.93,90,92,4.0,BR,2022-07-21 21:18:31
478,Shubarshi,48.5872,57.1869,76.1,33,100,12.41,KZ,2022-07-21 21:20:29
479,Taltal,-25.4,-70.4833,60.28,80,9,5.01,CL,2022-07-21 21:20:20
480,Pochutla,15.7432,-96.4661,89.42,67,100,4.99,MX,2022-07-21 21:20:30
481,Bratsk,56.1325,101.6142,55.89,86,5,3.87,RU,2022-07-21 21:20:30
482,Eatonton,33.3268,-83.3885,91.35,73,99,9.66,US,2022-07-21 21:20:33
483,Viedma,-40.8135,-62.9967,47.73,34,97,16.11,AR,2022-07-21 21:20:34
484,Caxias,38.7031,-9.2767,69.15,75,20,13.8,PT,2022-07-21 21:20:34
485,Tuzha,57.6062,47.936,55.49,90,6,3.51,RU,2022-07-21 21:20:34
486,Lianzhou,24.7811,112.3825,75.97,97,1,1.54,CN,2022-07-21 21:20:35
487,Portland,45.5234,-122.6762,87.08,52,75,9.22,US,2022-07-21 21:16:00
488,Dwarka,22.2394,68.9678,82.81,82,100,18.41,IN,2022-07-21 21:15:56
489,Kysyl-Syr,63.8986,122.7617,58.14,97,100,8.37,RU,2022-07-21 21:20:35
490,Egvekinot,66.3167,-179.1667,41.85,55,94,11.61,RU,2022-07-21 21:20:36
491,Hailey,43.5196,-114.3153,95.88,19,0,10.0,US,2022-07-21 21:20:36
492,Itarema,-2.9248,-39.9167,79.59,76,49,15.64,BR,2022-07-21 21:20:36
493,Minudasht,37.2289,55.3747,81.97,74,75,4.61,IR,2022-07-21 21:20:36
494,Kinablangan,7.6947,126.5503,77.67,85,32,3.67,PH,2022-07-21 21:20:37
495,Vera Cruz,-12.6333,-41.0333,71.17,72,99,3.98,BR,2022-07-21 21:20:37
496,Governador Valadares,-18.8511,-41.9494,75.92,55,100,4.05,BR,2022-07-21 21:20:37
497,Moroto,2.5345,34.6666,68.94,66,85,0.58,UG,2022-07-21 21:20:38
498,Kropotkin,45.4375,40.5756,60.21,59,2,6.89,RU,2022-07-21 21:20:38
499,Palasa,18.7667,84.4167,82.36,78,100,4.14,IN,2022-07-21 21:20:38
500,Tura,25.5198,90.2201,74.39,97,100,3.85,IN,2022-07-21 21:20:39
501,Banjar,-8.19,114.9675,73.54,90,93,6.51,ID,2022-07-21 21:20:39
502,Krasnoarmeysk,51.0239,45.6969,57.54,78,3,2.95,RU,2022-07-21 21:20:39
503,Great Falls,47.5002,-111.3008,90.79,12,0,4.61,US,2022-07-21 21:20:39
504,Coruripe,-10.1256,-36.1756,73.49,81,61,7.56,BR,2022-07-21 21:18:07
505,East London,-33.0153,27.9116,59.32,75,4,6.06,ZA,2022-07-21 21:20:40
506,Beroroha,-21.6667,45.1667,63.72,59,13,0.67,MG,2022-07-21 21:20:40
507,Linxia,35.6003,103.2064,48.22,86,1,3.62,CN,2022-07-21 21:21:40
508,Mutare,-18.9707,32.6709,53.98,90,17,3.6,ZW,2022-07-21 21:21:41
509,Kunfeherto,46.3609,19.4145,77.34,29,37,7.9,HU,2022-07-21 21:21:41
510,Tutoia,-2.7619,-42.2744,78.46,77,74,6.13,BR,2022-07-21 21:21:41
511,Adrar,20.5022,-10.0711,94.48,29,87,2.84,MR,2022-07-21 21:20:04
512,Kirakira,-10.4544,161.9205,80.8,81,96,2.37,SB,2022-07-21 21:21:42
513,Komsomolskiy,40.4272,71.7189,79.52,38,0,6.91,UZ,2022-07-21 21:21:42
514,Les Escoumins,48.1111,-69.0236,47.55,99,96,2.15,CA,2022-07-21 21:21:43
515,Itoman,26.1247,127.6694,84.58,89,40,11.5,JP,2022-07-21 21:21:43
516,Kuytun,54.3419,101.5036,52.72,86,82,7.14,RU,2022-07-21 21:21:43
517,Remuna,21.5261,86.8722,83.08,82,100,5.32,IN,2022-07-21 21:21:44
518,Umm Kaddadah,13.6017,26.6876,78.53,55,100,2.86,SD,2022-07-21 21:21:44
519,San Angelo,31.4638,-100.437,100.62,37,20,11.5,US,2022-07-21 21:17:51
520,Valparaiso,-33.0393,-71.6273,61.03,72,0,5.75,CL,2022-07-21 21:21:44
521,Bilibino,68.0546,166.4372,43.05,63,97,4.14,RU,2022-07-21 21:21:45
522,Kitob,39.0843,66.8332,86.43,15,0,5.86,UZ,2022-07-21 21:21:45
523,Vung Tau,10.346,107.0843,77.38,86,100,6.53,VN,2022-07-21 21:16:54
524,College,64.8569,-147.8028,63.28,62,100,3.44,US,2022-07-21 21:21:45
525,Kenai,60.5544,-151.2583,59.02,71,100,5.75,US,2022-07-21 21:17:29
526,Hobyo,5.3505,48.5268,75.92,83,26,25.52,SO,2022-07-21 21:21:48
527,Baghdad,33.3406,44.4009,91.31,24,0,6.91,IQ,2022-07-21 21:21:09
528,Batagay,67.6333,134.6333,58.39,63,88,1.19,RU,2022-07-21 21:21:49
529,Aloleng,16.1307,119.7824,81.91,76,99,8.95,PH,2022-07-21 21:21:49
530,Coihaique,-45.5752,-72.0662,33.75,75,75,6.91,CL,2022-07-21 21:18:05
531,Kuala Terengganu,5.3302,103.1408,76.95,100,20,0.0,MY,2022-07-21 21:21:49
532,Kamyaran,34.7956,46.9355,75.36,17,0,1.95,IR,2022-07-21 21:21:50
533,Bronnoysund,65.4625,12.1997,53.6,94,75,17.27,NO,2022-07-21 21:21:50
534,Varberg,57.1056,12.2508,68.23,91,86,1.57,SE,2022-07-21 21:21:50
535,Svetlaya,46.5389,138.3297,59.74,93,100,1.63,RU,2022-07-21 21:21:51
536,Husavik,66.0449,-17.3389,51.04,78,83,3.13,IS,2022-07-21 21:21:51
537,Praia Da Vitoria,38.7333,-27.0667,75.45,69,20,1.66,PT,2022-07-21 21:20:57
538,Kalga,50.9251,118.898,62.33,90,83,2.93,RU,2022-07-21 21:21:51
539,Nago,26.5881,127.9761,84.63,88,16,11.05,JP,2022-07-21 21:21:52
540,Port Blair,11.6667,92.75,79.16,88,100,5.32,IN,2022-07-21 21:21:52
541,Aquiraz,-3.9014,-38.3911,77.09,83,97,7.02,BR,2022-07-21 21:21:52
542,Dunedin,-45.8742,170.5036,47.8,88,96,4.18,NZ,2022-07-21 21:20:09
543,Khani,41.9563,42.9566,58.57,97,98,0.96,GE,2022-07-21 21:21:53
544,Malinovoye Ozero,51.6753,79.7825,66.29,72,34,6.8,RU,2022-07-21 21:21:53
545,Corbelia,-24.7989,-53.3067,74.55,79,82,3.89,BR,2022-07-21 21:21:53
546,Stornoway,58.2093,-6.3865,54.93,82,75,2.3,GB,2022-07-21 21:21:54
